Municipio;Total_2015;Total_2016;Total_2017;Total_2018;Total_2019;Total_2020;B_E _Industria_2015;B_E _Industria_2016;B_E _Industria_2017;B_E _Industria_2018;B_E _Industria_2019;B_E _Industria_2020;F_Construccion_2015;F_Construccion_2016;F_Construccion_2017;F_Construccion_2018;F_Construccion_2019;F_Construccion_2020;Comercio_Transporte_Hosteleria_2015;Comercio_Transporte_Hosteleria_2016;Comercio_Transporte_Hosteleria_2017;Comercio_Transporte_Hosteleria_2018;Comercio_Transporte_Hosteleria_2019;Comercio_Transporte_Hosteleria_2020;J_Informacion_Comunicaciones_2015;J_Informacion_Comunicaciones_2016;J_Informacion_Comunicaciones_2017;J_Informacion_Comunicaciones_2018;J_Informacion_Comunicaciones_2019;J_Informacion_Comunicaciones_2020;K_Actividades_Financieras_Seguros_2015;K_Actividades_Financieras_Seguros_2016;K_Actividades_Financieras_Seguros_2017;K_Actividades_Financieras_Seguros_2018;K_Actividades_Financieras_Seguros_2019;K_Actividades_Financieras_Seguros_2020;L_Actividades_Inmobiliarias_2015;L_Actividades_Inmobiliarias_2016;L_Actividades_Inmobiliarias_2017;L_Actividades_Inmobiliarias_2018;L_Actividades_Inmobiliarias_2019;L_Actividades_Inmobiliarias_2020;Actividades_Profesionales_Tecnicas_2015;Actividades_Profesionales_Tecnicas_2016;Actividades_Profesionales_Tecnicas_2017;Actividades_Profesionales_Tecnicas_2018;Actividades_Profesionales_Tecnicas_2019;Actividades_Profesionales_Tecnicas_2020;Educacion_Sanidad_Servicios_Sociales_2015;Educacion_Sanidad_Servicios_Sociales_2016;Educacion_Sanidad_Servicios_Sociales_2017;Educacion_Sanidad_Servicios_Sociales_2018;Educacion_Sanidad_Servicios_Sociales_2019;Educacion_Sanidad_Servicios_Sociales_2020;Otros_Servicios_Personales_2015;Otros_Servicios_Personales_2016;Otros_Servicios_Personales_2017;Otros_Servicios_Personales_2018;Otros_Servicios_Personales_2019;Otros_Servicios_Personales_2020;Total_Servicios_2015;Total_Servicios_2016;Total_Servicios_2017;Total_Servicios_2018;Total_Servicios_2019;Total_Servicios_2020
Acebeda (La);6;5;5;5;6;6;0;0;0;0;0;0;0;0;0;0;0;0;0;0;0;0;0;0;0;0;0;0;0;0;0;0;0;0;0;0;0;0;0;0;0;0;0;0;0;0;0;0;0;0;0;0;0;0;0;0;0;0;0;0;0;0;0;0;0;0
Ajalvir;606;615;625;648;649;646;151;148;147;153;142;134;64;64;61;64;73;71;230;214;221;227;230;230;0;0;0;0;0;0;0;0;0;0;0;0;0;0;0;0;0;0;0;0;0;0;0;0;0;0;0;0;0;0;0;0;0;0;0;0;161;189;196;204;204;211
Alameda del Valle;18;19;18;18;20;18;0;0;0;0;0;0;0;0;0;0;0;0;0;0;0;0;0;0;0;0;0;0;0;0;0;0;0;0;0;0;0;0;0;0;0;0;0;0;0;0;0;0;0;0;0;0;0;0;0;0;0;0;0;0;0;0;0;0;0;0
Alamo (El);629;615;638;646;653;679;33;34;33;31;34;37;120;108;110;119;122;126;269;257;255;256;252;261;9;4;6;9;12;14;10;11;13;13;9;8;30;36;42;39;40;37;68;70;79;75;84;84;40;36;41;40;38;46;50;59;59;64;62;66;207;216;240;240;245;255
Alcalá de Henares;9047;9121;9337;9524;9776;10128;466;453;459;475;468;467;1217;1166;1207;1292;1383;1410;3421;3391;3398;3381;3421;3462;178;180;183;181;203;201;208;210;212;245;246;268;410;445;468;492;480;509;1528;1558;1592;1598;1700;1762;755;824;869;911;873;946;864;894;949;949;1002;1103;3943;4111;4273;4376;4504;4789
Alcobendas;10056;10409;10414;10903;10590;10844;464;573;544;766;672;674;1108;1129;1101;1111;1017;1045;2860;2814;2780;2801;2723;2764;579;552;550;555;538;557;309;355;367;402;374;390;681;735;755;803;768;774;2658;2771;2819;2865;2876;2953;745;813;820;871;879;903;652;667;678;729;743;784;5624;5893;5989;6225;6178;6361
Alcorcón;8891;8836;8834;9021;9122;9384;463;434;454;470;434;426;1175;1099;1086;1093;1144;1165;3593;3477;3392;3435;3377;3463;243;253;251;243;277;266;173;199;208;218;210;224;401;413;422;439;451;472;1440;1494;1508;1536;1583;1622;673;704;725;772;777;813;730;763;788;815;869;933;3660;3826;3902;4023;4167;4330
Aldea del Fresno;130;132;143;143;161;170;5;5;5;5;4;5;32;32;32;32;41;41;50;47;55;52;55;54;0;0;0;0;0;0;0;0;0;0;0;0;0;0;0;0;0;0;0;0;0;0;0;0;0;0;0;0;0;0;0;0;0;0;0;0;43;53;58;54;61;70
Algete;1778;1789;1800;1846;1885;1878;144;134;141;145;142;135;186;192;182;181;188;193;619;622;609;604;604;568;41;29;34;40;49;55;45;45;51;53;55;60;83;94;94;102;99;104;394;397;405;428;465;465;111;119;128;139;136;142;155;157;156;154;147;156;829;841;868;916;951;982
Alpedrete;1112;1109;1142;1156;1203;1254;35;28;29;29;33;36;147;154;153;154;145;150;318;303;303;319;327;332;38;39;38;42;38;42;31;30;32;40;41;43;61;74;81;77;78;79;253;256;274;264;298;314;126;122;121;134;135;145;103;103;111;97;108;113;612;624;657;654;698;736
Ambite;26;22;19;25;28;28;0;0;0;0;0;0;0;0;0;0;0;0;0;0;0;0;0;0;0;0;0;0;0;0;0;0;0;0;0;0;0;0;0;0;0;0;0;0;0;0;0;0;0;0;0;0;0;0;0;0;0;0;0;0;0;0;0;0;0;0
Anchuelo;71;75;79;73;67;70;0;0;0;0;4;4;0;0;0;0;8;11;34;40;41;36;33;30;0;0;0;0;0;0;0;0;0;0;0;0;0;0;0;0;0;0;0;0;0;0;0;0;0;0;0;0;0;0;0;0;0;0;0;0;25;25;24;26;22;25
Aranjuez;2822;2795;2814;2826;2920;2981;114;104;105;114;111;110;313;303;289;298;302;315;1079;1044;1036;1026;1036;1059;51;55;68;65;68;63;64;72;76;73;83;77;148;151;167;165;166;176;499;496;501;503;547;546;272;289;301;310;323;341;282;281;271;272;284;294;1316;1344;1384;1388;1471;1497
Arganda del Rey;3771;3899;3971;4094;4218;4377;636;617;625;649;631;634;563;575;581;609;647;687;1441;1475;1480;1502;1504;1557;43;56;55;66;56;62;54;60;69;70;65;70;164;162;176;185;184;187;462;512;513;529;581;601;149;160;175;186;209;230;259;282;297;298;341;349;1131;1232;1285;1334;1436;1499
Arroyomolinos;1990;2084;2193;2250;2382;2460;82;78;84;93;90;92;331;337;333;335;361;365;730;732;746;776;815;839;63;73;78;80;70;76;54;58;71;84;88;85;56;73;90;87;87;96;328;354;386;389;417;419;186;200;214;208;227;249;160;179;191;198;227;239;847;937;1030;1046;1116;1164
Atazar (El);0;0;0;4;0;0;0;0;0;0;0;0;0;0;0;0;0;0;0;0;0;0;0;0;0;0;0;0;0;0;0;0;0;0;0;0;0;0;0;0;0;0;0;0;0;0;0;0;0;0;0;0;0;0;0;0;0;0;0;0;0;0;0;0;0;0
Batres;132;140;143;140;147;153;6;6;6;7;6;7;16;14;12;13;16;16;53;54;55;54;51;53;0;0;0;0;0;0;0;0;0;0;0;0;0;0;0;0;0;0;0;0;0;0;0;0;0;0;0;0;0;0;0;0;0;0;0;0;57;66;70;66;74;77
Becerril de la Sierra;462;495;505;511;516;540;15;12;13;13;13;13;86;86;77;83;90;97;146;165;163;160;153;148;13;12;13;12;8;12;12;13;20;18;18;15;16;20;20;19;25;23;103;103;100;106;119;133;39;44;50;52;48;54;32;40;49;48;42;45;215;232;252;255;260;282
Belmonte de Tajo;62;60;67;77;79;89;10;10;13;17;16;17;14;13;16;15;17;21;24;22;21;23;23;24;0;0;0;0;0;0;0;0;0;0;0;0;0;0;0;0;0;0;0;0;0;0;0;0;0;0;0;0;0;0;0;0;0;0;0;0;14;15;17;22;23;27
Berrueco (El);33;33;42;39;48;57;0;0;0;0;0;0;0;0;0;0;0;0;0;0;0;0;0;0;0;0;0;0;0;0;0;0;0;0;0;0;0;0;0;0;0;0;0;0;0;0;0;0;0;0;0;0;0;0;0;0;0;0;0;0;0;0;0;0;0;0
Berzosa del Lozoya;12;15;13;14;12;15;0;0;0;0;0;0;0;0;0;0;0;0;0;0;0;0;0;0;0;0;0;0;0;0;0;0;0;0;0;0;0;0;0;0;0;0;0;0;0;0;0;0;0;0;0;0;0;0;0;0;0;0;0;0;0;0;0;0;0;0
Boadilla del Monte;5085;5324;5521;5747;5815;6094;146;139;145;166;172;167;412;407;432;413;420;448;1241;1253;1256;1285;1290;1351;237;257;254;275;270;277;192;215;218;253;237;246;356;379;414;433;414;433;1475;1573;1651;1737;1801;1841;652;713;748;773;771;849;374;388;403;412;440;482;3286;3525;3688;3883;3933;4128
Boalo (El);533;560;567;592;604;630;15;14;14;19;15;12;75;77;80;84;97;99;170;175;178;163;160;155;19;21;21;22;16;13;11;12;12;16;15;20;18;15;15;17;18;24;121;121;119;138;131;142;54;61;66;73;86;87;50;64;62;60;66;78;273;294;295;326;332;364
Braojos;17;17;17;15;16;17;0;0;0;0;0;0;0;0;0;0;0;0;0;0;0;0;0;0;0;0;0;0;0;0;0;0;0;0;0;0;0;0;0;0;0;0;0;0;0;0;0;0;0;0;0;0;0;0;0;0;0;0;0;0;0;0;0;0;0;0
Brea de Tajo;15;21;20;24;23;21;0;0;0;0;0;0;0;0;0;0;0;0;0;0;0;0;0;0;0;0;0;0;0;0;0;0;0;0;0;0;0;0;0;0;0;0;0;0;0;0;0;0;0;0;0;0;0;0;0;0;0;0;0;0;0;0;0;0;0;0
Brunete;785;808;805;812;829;859;24;26;30;24;25;28;103;103;107;108;110;119;263;276;249;245;251;251;21;24;22;24;21;22;10;12;12;12;14;14;44;42;42;42;43;41;154;161;167;159;181;186;79;83;90;95;93;97;87;81;86;103;91;101;395;403;419;435;443;461
Buitrago del Lozoya;131;130;127;137;150;145;4;5;4;0;0;4;23;22;21;21;21;23;57;59;53;61;66;65;0;0;0;0;0;0;0;0;0;0;0;0;0;0;0;0;0;0;0;0;0;0;0;0;0;0;0;0;0;0;0;0;0;0;0;0;47;44;49;52;58;53
Bustarviejo;170;176;181;193;200;206;7;7;8;9;9;10;32;32;32;31;28;28;54;55;52;58;60;63;0;0;0;0;0;0;0;0;0;0;0;0;0;0;0;0;0;0;0;0;0;0;0;0;0;0;0;0;0;0;0;0;0;0;0;0;77;82;89;95;103;105
Cabanillas de la Sierra;51;59;60;55;62;63;0;0;0;0;0;0;0;0;0;0;0;0;0;0;0;0;0;0;0;0;0;0;0;0;0;0;0;0;0;0;0;0;0;0;0;0;0;0;0;0;0;0;0;0;0;0;0;0;0;0;0;0;0;0;0;0;0;0;0;0
Cabrera (La);193;212;214;213;227;226;13;13;15;15;12;11;40;45;39;41;42;41;69;72;74;77;82;80;0;0;0;0;0;0;0;0;0;0;0;0;0;0;0;0;0;0;0;0;0;0;0;0;0;0;0;0;0;0;0;0;0;0;0;0;71;82;86;80;91;94
Cadalso de los Vidrios;187;161;167;173;169;175;23;18;18;17;16;17;48;43;44;48;50;55;70;61;70;71;63;63;0;0;0;0;0;0;0;0;0;0;0;0;0;0;0;0;0;0;0;0;0;0;0;0;0;0;0;0;0;0;0;0;0;0;0;0;46;39;35;37;40;40
Camarma de Esteruelas;556;540;561;578;564;564;44;45;41;51;50;49;118;109;109;104;84;87;192;178;190;201;200;194;7;9;8;7;9;10;10;10;13;12;12;12;27;27;34;35;30;30;83;85;85;85;80;79;32;32;33;37;42;40;43;45;48;46;57;63;202;208;221;222;230;234
Campo Real;485;469;496;496;495;496;60;58;61;60;61;63;94;90;96;94;89;80;199;196;202;198;189;198;0;0;5;5;6;4;0;0;6;6;6;6;13;15;19;19;19;18;51;49;54;59;58;66;32;26;28;29;32;31;29;27;25;27;35;30;132;125;137;144;156;155
Canencia;35;32;37;41;39;38;0;0;0;0;0;0;0;0;0;0;0;0;0;0;0;0;0;0;0;0;0;0;0;0;0;0;0;0;0;0;0;0;0;0;0;0;0;0;0;0;0;0;0;0;0;0;0;0;0;0;0;0;0;0;0;0;0;0;0;0
Carabaña;116;125;121;130;132;135;8;10;8;9;7;7;23;25;27;24;32;34;61;60;49;52;52;53;0;0;0;0;0;0;0;0;0;0;0;0;0;0;0;0;0;0;0;0;0;0;0;0;0;0;0;0;0;0;0;0;0;0;0;0;24;30;37;45;41;41
Casarrubuelos;243;256;267;277;274;281;16;18;20;22;22;24;42;49;52;59;56;57;120;116;116;113;116;113;0;0;0;0;0;0;0;0;0;0;0;0;0;0;0;0;0;0;0;0;0;0;0;0;0;0;0;0;0;0;0;0;0;0;0;0;65;73;79;83;80;87
Cenicientos;91;86;85;88;91;91;6;5;6;7;4;4;17;15;13;12;13;13;48;48;46;46;49;46;0;0;0;0;0;0;0;0;0;0;0;0;0;0;0;0;0;0;0;0;0;0;0;0;0;0;0;0;0;0;0;0;0;0;0;0;20;18;20;23;25;26
Cercedilla;491;499;503;511;527;566;0;10;13;10;10;9;98;90;98;99;100;94;155;160;158;160;158;165;15;14;14;12;14;14;0;6;6;7;6;4;15;16;16;16;19;22;103;107;99;98;106;125;37;41;48;50;58;63;55;55;51;59;56;70;228;239;234;242;259;298
Cervera de Buitrago;10;9;11;11;13;12;0;0;0;0;0;0;0;0;0;0;0;0;0;0;0;0;0;0;0;0;0;0;0;0;0;0;0;0;0;0;0;0;0;0;0;0;0;0;0;0;0;0;0;0;0;0;0;0;0;0;0;0;0;0;0;0;0;0;0;0
Chapinería;150;153;166;170;169;169;8;8;10;11;11;10;29;27;30;32;35;37;56;59;54;53;52;54;0;0;0;0;0;0;0;0;0;0;0;0;0;0;0;0;0;0;0;0;0;0;0;0;0;0;0;0;0;0;0;0;0;0;0;0;57;59;72;74;71;68
Chinchón;371;359;361;363;372;375;25;22;22;23;26;28;60;56;48;53;52;45;154;155;155;161;163;166;0;0;0;0;0;0;0;0;0;0;0;0;8;8;9;8;8;10;52;49;51;47;49;50;20;21;24;20;18;23;45;41;44;42;48;43;132;126;136;126;131;136
Ciempozuelos;1125;1127;1145;1199;1201;1280;87;90;100;108;105;109;210;201;192;201;201;216;441;420;428;435;445;459;13;14;14;22;22;29;14;17;17;17;17;18;41;45;49;47;48;57;156;159;154;172;164;187;75;84;90;95;89;85;88;97;101;102;110;120;387;416;425;455;450;496
Cobeña;444;450;483;516;525;535;21;18;19;19;18;23;58;58;56;65;61;73;152;142;148;164;166;160;13;12;15;15;19;22;7;6;10;8;9;11;19;19;20;19;22;20;86;95;105;112;118;115;43;46;54;65;67;63;45;54;56;49;45;48;213;232;260;268;280;279
Collado Mediano;553;560;585;609;637;657;13;14;13;14;13;16;83;74;81;81;88;86;137;135;139;145;163;164;21;27;29;24;27;24;13;20;21;17;17;17;32;29;31;32;28;30;150;160;153;174;176;186;55;54;65;64;63;73;49;47;53;58;62;61;320;337;352;369;373;391
Collado Villalba;3793;3800;3854;3940;3986;4055;146;144;136;145;139;127;542;525;529;546;578;595;1343;1293;1305;1309;1274;1269;115;110;119;128;131;124;86;90;100;104;101;110;159;158;170;178;178;187;714;761;780;771;790;833;317;340;339;359;366;374;371;379;376;400;429;436;1762;1838;1884;1940;1995;2064
Colmenar de Oreja;492;484;491;485;489;504;41;40;47;51;51;48;135;126;122;126;126;137;196;192;185;181;179;181;5;6;6;5;4;7;5;5;7;6;6;6;9;9;10;11;8;8;45;39;44;45;44;43;13;16;18;16;18;18;43;51;52;44;53;56;120;126;137;127;133;138
Colmenar del Arroyo;105;110;97;102;109;110;4;4;4;4;4;4;22;24;24;24;24;19;39;38;35;35;36;35;0;0;0;0;0;0;0;0;0;0;0;0;0;0;0;0;0;0;0;0;0;0;0;0;0;0;0;0;0;0;0;0;0;0;0;0;40;44;40;41;49;52
Colmenar Viejo;2793;2859;2948;3015;3081;3117;128;128;135;139;141;137;460;445;441;453;469;464;912;904;928;925;905;890;73;94;90;95;109;112;73;68;78;82;81;71;102;114;111;121;114;113;558;583;600;616;643;675;254;272;303;309;332;350;233;251;262;275;287;305;1293;1382;1444;1498;1566;1626
Colmenarejo;565;563;565;577;609;658;15;13;14;14;17;18;94;92;101;96;101;106;158;154;144;142;152;152;24;23;20;25;30;32;14;18;14;19;13;17;20;19;24;28;30;35;127;134;129;132;136;161;58;60;65;65;75;76;55;50;54;56;55;61;298;304;306;325;339;382
Corpa;23;24;20;24;33;32;0;0;0;0;0;0;0;0;0;0;0;0;0;0;0;0;0;0;0;0;0;0;0;0;0;0;0;0;0;0;0;0;0;0;0;0;0;0;0;0;0;0;0;0;0;0;0;0;0;0;0;0;0;0;0;0;0;0;0;0
Coslada;4762;4789;4811;4876;4827;4892;246;230;241;260;223;205;752;760;732;760;814;844;2210;2144;2143;2086;2008;2040;72;77;76;78;76;88;96;103;101;108;104;100;197;202;203;213;196;207;602;649;668;680;687;658;272;268;283;292;294;295;315;356;364;399;425;455;1554;1655;1695;1770;1782;1803
Cubas de la Sagra;399;436;449;471;471;478;30;29;31;37;34;34;76;72;74;74;88;82;147;164;165;165;160;167;8;7;5;6;7;6;11;13;12;12;13;12;16;18;19;18;15;19;56;58;59;68;62;63;23;32;33;39;40;42;32;43;51;52;52;53;146;171;179;195;189;195
Daganzo de Arriba;711;706;717;715;731;741;86;84;79;83;81;82;73;70;70;76;85;89;283;278;283;265;272;262;19;17;20;21;20;22;11;12;16;17;18;22;17;21;26;24;19;23;134;131;126;126;131;135;35;38;45;51;49;52;53;55;52;52;56;54;269;274;285;291;293;308
Escorial (El);1053;1053;1119;1152;1199;1234;29;28;28;36;35;33;142;131;134;128;139;134;275;283;290;295;300;301;49;50;50;48;45;47;22;21;30;32;28;28;42;45;48;43;47;52;287;296;312;329;339;361;97;94;112;121;135;139;110;105;115;120;131;139;607;611;667;693;725;766
Estremera;76;80;78;75;69;66;0;0;0;0;0;0;22;20;20;19;17;0;38;41;40;40;35;32;0;0;0;0;0;0;0;0;0;0;0;0;0;0;0;0;0;0;0;0;0;0;0;0;0;0;0;0;0;0;0;0;0;0;0;0;0;0;0;0;0;20
Fresnedillas de la Oliva;100;104;105;100;107;103;5;4;4;4;4;5;12;13;13;13;13;13;36;31;34;31;37;31;0;0;0;0;0;0;0;0;0;0;0;0;0;0;0;0;0;0;0;0;0;0;0;0;0;0;0;0;0;0;0;0;0;0;0;0;47;56;54;52;53;54
Fresno de Torote;120;124;125;130;140;138;8;10;10;11;10;8;29;28;24;21;29;30;42;40;40;49;47;46;0;0;0;0;0;0;0;0;0;0;0;0;0;0;0;0;0;0;0;0;0;0;0;0;0;0;0;0;0;0;0;0;0;0;0;0;41;46;51;49;54;54
Fuenlabrada;10608;10705;10767;10926;10856;10887;840;834;812;845;792;746;1725;1717;1702;1752;1806;1807;5053;5017;4968;4986;4870;4891;99;105;111;117;117;118;176;198;202;208;212;210;354;377;398;395;381;392;1159;1163;1195;1213;1242;1259;442;484;537;537;534;536;760;810;842;873;902;928;2990;3137;3285;3343;3388;3443
Fuente el Saz de Jarama;563;575;583;591;611;637;48;46;48;48;45;42;92;99;95;95;99;93;202;200;195;210;216;222;14;12;14;17;17;16;15;14;16;15;16;18;41;41;46;45;46;49;89;96;100;90;96;104;20;23;26;27;28;31;42;44;43;44;48;62;221;230;245;238;251;280
Fuentidueña de Tajo;99;107;102;116;132;131;9;9;8;10;10;10;16;17;16;18;20;19;46;48;50;50;57;51;0;0;0;0;0;0;0;0;0;0;0;0;0;0;0;0;0;0;0;0;0;0;0;0;0;0;0;0;0;0;0;0;0;0;0;0;28;33;28;38;45;51
Galapagar;2398;2425;2462;2577;2702;2822;60;57;55;70;70;67;331;329;324;324;342;373;616;614;599;623;659;653;86;90;94;90;100;112;60;66;70;75;73;68;96;103;115;115;107;118;662;677;667;704;751;763;278;285;296;324;322;358;209;204;242;252;278;310;1391;1425;1484;1560;1631;1729
Garganta de los Montes;29;28;27;30;28;29;0;0;0;0;0;0;0;0;0;0;0;0;0;0;0;0;0;0;0;0;0;0;0;0;0;0;0;0;0;0;0;0;0;0;0;0;0;0;0;0;0;0;0;0;0;0;0;0;0;0;0;0;0;0;0;0;0;0;0;0
Gargantilla del Lozoya y Pinilla de Buitrago;27;29;24;24;25;23;0;0;0;0;0;0;0;0;0;0;0;0;0;0;0;0;0;0;0;0;0;0;0;0;0;0;0;0;0;0;0;0;0;0;0;0;0;0;0;0;0;0;0;0;0;0;0;0;0;0;0;0;0;0;0;0;0;0;0;0
Gascones;19;21;22;25;24;22;0;0;0;0;0;0;0;0;0;0;0;0;0;0;0;0;0;0;0;0;0;0;0;0;0;0;0;0;0;0;0;0;0;0;0;0;0;0;0;0;0;0;0;0;0;0;0;0;0;0;0;0;0;0;0;0;0;0;0;0
Getafe;8526;8766;9071;9285;9488;9830;447;451;467;483;484;469;1306;1290;1357;1379;1421;1486;3441;3462;3560;3524;3490;3573;145;162;153;169;189;213;139;153;166;182;189;188;367;398;407;446;460;489;1359;1418;1420;1484;1563;1602;583;622;679;719;756;815;739;810;862;899;936;995;3332;3563;3687;3899;4093;4302
Griñón;1028;1071;1079;1135;1137;1154;115;119;118;118;121;113;149;156;152;164;165;170;408;414;414;413;403;405;13;15;14;17;18;17;14;12;15;14;15;14;66;73;73;78;79;82;124;135;145;171;178;176;61;65;64;75;72;80;78;82;84;85;86;97;356;382;395;440;448;466
Guadalix de la Sierra;351;357;380;382;406;423;11;11;10;9;13;14;73;76;83;90;91;88;128;126;137;134;140;144;6;5;5;5;5;5;9;11;9;8;8;8;5;5;7;7;7;7;64;71;67;69;73;72;21;17;23;20;29;36;34;35;39;43;44;49;139;144;150;149;162;177
Guadarrama;1056;1047;1095;1111;1130;1172;32;27;32;36;38;37;154;155;155;160;154;164;355;334;349;350;337;336;23;22;25;22;21;18;25;23;22;21;28;29;35;37;40;48;48;53;223;222;229;230;239;258;117;128;131;140;148;160;92;99;112;104;117;117;515;531;559;565;601;635
Hiruela (La);0;0;0;0;0;0;0;0;0;0;0;0;0;0;0;0;0;0;0;0;0;0;0;0;0;0;0;0;0;0;0;0;0;0;0;0;0;0;0;0;0;0;0;0;0;0;0;0;0;0;0;0;0;0;0;0;0;0;0;0;0;0;0;0;0;0
Horcajo de la Sierra-Aoslos;11;14;16;16;16;17;0;0;0;0;0;0;0;0;0;0;0;0;0;0;0;0;0;0;0;0;0;0;0;0;0;0;0;0;0;0;0;0;0;0;0;0;0;0;0;0;0;0;0;0;0;0;0;0;0;0;0;0;0;0;0;0;0;0;0;0
Horcajuelo de la Sierra;4;0;0;0;0;0;0;0;0;0;0;0;0;0;0;0;0;0;0;0;0;0;0;0;0;0;0;0;0;0;0;0;0;0;0;0;0;0;0;0;0;0;0;0;0;0;0;0;0;0;0;0;0;0;0;0;0;0;0;0;0;0;0;0;0;0
Hoyo de Manzanares;604;669;684;714;733;763;8;7;6;10;10;11;62;70;70;68;64;63;160;167;170;176;177;175;30;32;27;30;32;35;14;12;17;20;21;24;17;21;22;23;31;31;183;212;220;226;228;240;69;80;83;88;93;104;61;68;69;73;77;80;374;425;438;460;482;514
Humanes de Madrid;2110;2139;2180;2206;2182;2217;534;532;520;527;514;498;341;354;363;369;379;395;810;827;842;846;825;855;13;17;20;20;17;19;14;12;18;17;16;13;75;76;75;91;84;85;169;158;172;168;170;180;39;46;49;53;41;40;115;117;121;115;136;132;425;426;455;464;464;469
Leganés;9357;9310;9526;9632;9748;10005;533;499;504;494;471;476;1562;1513;1536;1517;1607;1640;3910;3773;3787;3763;3714;3780;167;186;192;225;223;224;199;216;240;248;235;233;396;411;443;459;452;460;1263;1302;1348;1387;1434;1493;589;632;662;681;709;738;738;778;814;858;903;961;3352;3525;3699;3858;3956;4109
Loeches;702;725;729;750;749;766;97;100;102;104;109;108;107;102;102;104;110;110;315;316;313;318;310;317;11;12;12;13;10;12;5;9;10;11;12;17;23;26;27;30;31;35;73;86;85;93;86;86;27;32;30;28;29;28;44;42;48;49;52;53;183;207;212;224;220;231
Lozoya;49;43;44;48;44;46;0;0;0;0;0;0;0;0;0;0;0;0;0;0;0;0;0;0;0;0;0;0;0;0;0;0;0;0;0;0;0;0;0;0;0;0;0;0;0;0;0;0;0;0;0;0;0;0;0;0;0;0;0;0;0;0;0;0;0;0
Lozoyuela-Navas-Sieteiglesias;82;85;94;105;105;118;0;0;0;0;4;0;0;0;0;0;20;0;41;38;41;44;42;44;0;0;0;0;0;0;0;0;0;0;0;0;0;0;0;0;0;0;0;0;0;0;0;0;0;0;0;0;0;0;0;0;0;0;0;0;23;28;35;41;39;46
Madarcos;4;4;4;6;7;6;0;0;0;0;0;0;0;0;0;0;0;0;0;0;0;0;0;0;0;0;0;0;0;0;0;0;0;0;0;0;0;0;0;0;0;0;0;0;0;0;0;0;0;0;0;0;0;0;0;0;0;0;0;0;0;0;0;0;0;0
Madrid;295131;299397;304474;312285;311047;316846;10623;10521;10766;10854;9172;9061;30682;30343;29558;29908;29492;29640;82527;80856;81502;82626;81920;82842;12869;13142;13362;13980;13792;13880;7632;8195;8665;9243;8913;9286;18655;19789;20580;21354;21003;21584;82172;84104;85272;87249;88865;89779;27201;28765;30066;31347;31167;32590;22770;23682;24703;25724;26723;28184;171299;177677;182648;188897;190463;195303
Majadahonda;6549;6676;6798;6903;6953;6983;121;113;117;124;136;142;455;448;428;430;440;438;1565;1508;1500;1487;1466;1430;270;276;287;290;302;280;205;222;242;255;238;258;398;423;450;481;489;486;2111;2203;2234;2263;2270;2294;901;962;995;1038;1064;1083;523;521;545;535;548;572;4408;4607;4753;4862;4911;4973
Manzanares el Real;520;525;555;567;627;633;16;15;18;17;20;18;63;65;77;76;91;97;163;152;159;161;167;159;24;21;20;20;22;20;15;14;15;17;19;19;13;13;20;19;18;16;118;126;121;124;135;134;64;65;68;70;80;96;44;54;57;63;75;74;278;293;301;313;349;359
Meco;805;848;851;900;916;984;64;62;62;61;63;66;148;147;151;165;165;184;312;318;317;341;344;345;16;17;18;21;20;18;14;13;9;9;12;15;20;25;27;31;28;32;107;124;122;124;134;157;56;61;61;65;69;80;68;81;84;83;81;87;281;321;321;333;344;389
Mejorada del Campo;1525;1516;1613;1640;1654;1709;187;183;195;196;181;188;297;289;306;319;355;348;641;623;657;674;664;675;20;19;18;19;21;23;18;17;18;16;17;23;39;44;48;51;46;55;161;165;181;173;177;185;60;58;67;74;67;71;102;118;123;118;126;141;400;421;455;451;454;498
Miraflores de la Sierra;444;419;429;439;453;479;15;16;15;21;22;19;75;68;73;69;83;89;129;131;135;141;137;140;11;12;12;16;17;15;11;5;6;6;7;6;13;14;11;12;12;15;92;83;85;85;91;98;48;47;46;43;39;40;50;43;46;46;45;57;225;204;206;208;211;231
Molar (El);507;526;529;530;533;565;28;30;33;29;30;31;89;95;90;98;103;98;194;200;197;189;182;190;13;12;13;11;14;12;11;9;9;9;10;11;17;19;24;25;22;29;87;91;90;90;88;94;27;30;28;29;30;41;41;40;45;50;54;59;196;201;209;214;218;246
Molinos (Los);314;321;337;333;353;356;10;10;12;12;12;14;73;70;74;68;71;70;89;91;101;103;102;91;0;0;0;0;0;0;0;0;0;0;0;0;0;0;0;0;0;0;0;0;0;0;0;0;0;0;0;0;0;0;0;0;0;0;0;0;142;150;150;150;168;181
Montejo de la Sierra;29;24;23;24;21;25;0;0;0;0;0;0;0;0;0;0;0;0;0;0;0;0;0;0;0;0;0;0;0;0;0;0;0;0;0;0;0;0;0;0;0;0;0;0;0;0;0;0;0;0;0;0;0;0;0;0;0;0;0;0;0;0;0;0;0;0
Moraleja de Enmedio;540;539;545;593;599;602;101;94;95;100;101;91;80;80;88;96;101;103;219;215;215;228;232;237;0;0;0;0;0;0;0;0;0;0;0;0;24;26;26;26;24;25;39;48;48;48;56;51;24;23;23;23;30;31;45;43;43;43;48;58;140;150;147;169;165;171
Moralzarzal;787;828;843;873;895;910;20;23;24;29;26;28;118;113;110;122;125;120;240;244;242;235;225;234;33;35;36;43;42;36;17;21;20;21;21;24;23;29;29;30;31;30;177;193;200;189;207;208;94;99;104;114;115;117;65;71;78;90;103;113;409;448;467;487;519;528
Morata de Tajuña;340;352;363;372;388;390;20;16;20;23;21;23;62;68;70;72;80;81;155;157;158;149;149;156;7;7;7;5;6;4;8;8;8;9;7;7;9;9;10;12;12;10;24;26;29;30;32;36;15;18;19;23;24;20;40;43;45;49;57;53;103;111;115;128;138;130
Móstoles;9567;9644;9717;9811;9900;10022;499;482;470;455;434;434;1577;1558;1520;1580;1630;1602;4042;3957;3895;3875;3818;3832;151;163;171;186;199;232;181;193;206;190;208;224;351;381;404;400;393;407;1282;1314;1381;1405;1450;1461;676;745;758;791;766;787;808;851;912;929;1002;1043;3449;3647;3832;3901;4018;4154
Navacerrada;236;252;260;279;288;287;6;6;8;8;7;8;36;37;36;32;35;34;84;80;79;93;94;90;0;0;0;0;0;0;0;0;0;0;0;0;0;0;0;0;0;0;0;0;0;0;0;0;0;0;0;0;0;0;0;0;0;0;0;0;110;129;137;146;152;155
Navalafuente;63;65;77;76;95;90;0;0;0;0;0;0;0;0;0;0;0;0;22;25;26;29;33;32;0;0;0;0;0;0;0;0;0;0;0;0;0;0;0;0;0;0;0;0;0;0;0;0;0;0;0;0;0;0;0;0;0;0;0;0;26;28;35;32;42;40
Navalagamella;122;128;131;140;143;147;0;0;0;0;0;0;0;0;0;0;0;0;49;49;50;56;56;48;0;0;0;0;0;0;0;0;0;0;0;0;0;0;0;0;0;0;0;0;0;0;0;0;0;0;0;0;0;0;0;0;0;0;0;0;51;58;62;66;68;74
Navalcarnero;1666;1745;1802;1809;1876;1941;101;102;104;101;105;103;346;368;370;355;375;383;617;602;606;619;631;643;21;29;30;35;35;44;26;35;35;36;42;44;68;68;73;75;76;80;247;265;285;284;284;300;101;123;131;141;150;157;139;153;168;163;178;187;602;673;722;734;765;812
Navarredonda y San Mamés;13;16;11;9;11;10;0;0;0;0;0;0;0;0;0;0;0;0;0;0;0;0;0;0;0;0;0;0;0;0;0;0;0;0;0;0;0;0;0;0;0;0;0;0;0;0;0;0;0;0;0;0;0;0;0;0;0;0;0;0;0;0;0;0;0;0
Navas del Rey;177;174;192;188;187;209;14;12;14;12;13;9;49;45;47;40;40;44;64;62;67;63;67;82;0;0;0;0;0;0;0;0;0;0;0;0;0;0;0;0;0;0;0;0;0;0;0;0;0;0;0;0;0;0;0;0;0;0;0;0;50;55;64;73;67;74
Nuevo Baztán;494;506;538;551;577;604;19;21;27;27;24;25;80;82;82;85;104;104;192;183;189;192;196;207;8;8;12;14;7;8;11;11;7;9;10;12;12;12;16;18;17;20;91;95;106;109;112;113;36;44;42;43;43;44;45;50;57;54;64;71;203;220;240;247;253;268
Olmeda de las Fuentes;19;27;27;28;34;41;0;0;0;0;0;0;0;0;0;0;0;0;0;0;0;0;0;0;0;0;0;0;0;0;0;0;0;0;0;0;0;0;0;0;0;0;0;0;0;0;0;0;0;0;0;0;0;0;0;0;0;0;0;0;0;0;0;0;0;0
Orusco de Tajuña;52;54;50;55;61;57;5;5;5;5;4;4;9;9;9;9;12;12;21;20;22;25;24;23;0;0;0;0;0;0;0;0;0;0;0;0;0;0;0;0;0;0;0;0;0;0;0;0;0;0;0;0;0;0;0;0;0;0;0;0;17;22;17;17;21;18
Paracuellos de Jarama;1601;1636;1750;1775;1834;1896;176;174;179;175;165;161;181;180;184;187;197;202;514;503;550;547;555;569;42;37;50;55;62;69;31;34;39;40;41;32;47;57;67;75;69;66;356;378;396;415;436;449;158;164;171;158;178;200;96;109;114;123;131;148;730;779;837;866;917;964
Parla;4393;4505;4702;4911;5065;5336;194;185;195;214;205;197;846;853;831;893;1015;1057;1983;1981;2084;2135;2131;2262;42;50;57;59;62;73;83;84;93;98;100;108;127;140;148;153;172;167;512;553;580;644;649;673;207;220;237;244;239;272;399;439;477;471;492;527;1370;1486;1592;1669;1714;1820
Patones;24;22;22;24;28;31;0;0;0;0;0;0;0;0;0;0;0;0;0;0;0;0;0;0;0;0;0;0;0;0;0;0;0;0;0;0;0;0;0;0;0;0;0;0;0;0;0;0;0;0;0;0;0;0;0;0;0;0;0;0;0;0;0;0;0;0
Pedrezuela;360;369;360;362;394;414;6;8;10;11;11;11;59;63;60;49;63;70;105;109;102;107;117;116;16;15;8;10;8;11;6;6;8;6;5;9;23;22;21;23;19;22;75;69;74;74;77;83;29;30;34;41;48;44;41;47;43;41;46;48;190;189;188;195;203;217
Pelayos de la Presa;179;177;169;184;198;208;8;6;8;9;10;12;44;32;32;36;35;37;65;70;63;67;66;74;0;0;0;0;0;0;0;0;0;0;0;0;0;0;0;0;0;0;0;0;0;0;0;0;0;0;0;0;0;0;0;0;0;0;0;0;62;69;66;72;87;85
Perales de Tajuña;183;179;175;179;175;183;11;8;10;10;10;8;34;36;32;32;32;30;78;76;75;72;72;76;0;0;0;0;0;0;0;0;0;0;0;0;0;0;0;0;0;0;0;0;0;0;0;0;0;0;0;0;0;0;0;0;0;0;0;0;60;59;58;65;61;69
Pezuela de las Torres;50;50;49;48;53;52;0;0;0;0;0;0;0;0;0;0;0;0;0;0;0;0;0;0;0;0;0;0;0;0;0;0;0;0;0;0;0;0;0;0;0;0;0;0;0;0;0;0;0;0;0;0;0;0;0;0;0;0;0;0;0;0;0;0;0;0
Pinilla del Valle;4;6;6;5;6;5;0;0;0;0;0;0;0;0;0;0;0;0;0;0;0;0;0;0;0;0;0;0;0;0;0;0;0;0;0;0;0;0;0;0;0;0;0;0;0;0;0;0;0;0;0;0;0;0;0;0;0;0;0;0;0;0;0;0;0;0
Pinto;2980;2976;3042;3161;3211;3268;259;257;261;247;256;246;446;428;405;411;436;425;1170;1141;1150;1215;1228;1258;51;54;62;63;62;58;62;65;70;72;70;73;140;144;156;170;165;165;460;447;480;493;499;518;163;191;206;223;223;224;229;249;252;267;272;301;1105;1150;1226;1288;1291;1339
Piñuécar-Gandullas;15;12;12;9;8;9;0;0;0;0;0;0;0;0;0;0;0;0;0;0;0;0;0;0;0;0;0;0;0;0;0;0;0;0;0;0;0;0;0;0;0;0;0;0;0;0;0;0;0;0;0;0;0;0;0;0;0;0;0;0;0;0;0;0;0;0
Pozuelo de Alarcón;10451;10662;11001;11087;11058;11297;239;244;254;266;243;251;766;748;758;753;759;772;2305;2267;2256;2204;2143;2135;594;598;614;603;570;590;332;372;429;442;434;444;721;742;787;812;803;872;3467;3603;3761;3770;3834;3900;1350;1384;1424;1482;1495;1549;677;704;718;755;777;784;7141;7403;7733;7864;7913;8139
Pozuelo del Rey;72;66;63;69;73;77;5;5;0;0;0;0;15;12;12;12;12;12;25;21;23;29;26;31;0;0;0;0;0;0;0;0;0;0;0;0;0;0;0;0;0;0;0;0;0;0;0;0;0;0;0;0;0;0;0;0;0;0;0;0;27;28;27;28;31;30
Prádena del Rincón;13;12;10;9;8;7;0;0;0;0;0;0;0;0;0;0;0;0;0;0;0;0;0;0;0;0;0;0;0;0;0;0;0;0;0;0;0;0;0;0;0;0;0;0;0;0;0;0;0;0;0;0;0;0;0;0;0;0;0;0;0;0;0;0;0;0
Puebla de la Sierra;6;6;6;7;4;6;0;0;0;0;0;0;0;0;0;0;0;0;0;0;0;0;0;0;0;0;0;0;0;0;0;0;0;0;0;0;0;0;0;0;0;0;0;0;0;0;0;0;0;0;0;0;0;0;0;0;0;0;0;0;0;0;0;0;0;0
Puentes Viejas;33;38;38;36;44;49;0;0;0;0;0;0;0;0;0;0;0;0;0;0;0;0;0;0;0;0;0;0;0;0;0;0;0;0;0;0;0;0;0;0;0;0;0;0;0;0;0;0;0;0;0;0;0;0;0;0;0;0;0;0;0;0;0;0;0;0
Quijorna;219;237;242;259;282;282;5;5;5;4;8;10;30;31;31;32;39;42;81;77;76;80;94;84;0;0;0;0;0;0;0;0;0;0;0;0;0;0;0;0;0;0;0;0;0;0;0;0;0;0;0;0;0;0;0;0;0;0;0;0;103;124;130;143;141;146
Rascafría;131;130;133;138;138;141;5;5;5;5;6;7;18;20;22;28;27;24;77;75;78;76;74;78;0;0;0;0;0;0;0;0;0;0;0;0;0;0;0;0;0;0;0;0;0;0;0;0;0;0;0;0;0;0;0;0;0;0;0;0;31;30;28;29;31;32
Redueña;17;17;21;21;24;22;0;0;0;0;0;0;0;0;0;0;0;0;0;0;0;0;0;0;0;0;0;0;0;0;0;0;0;0;0;0;0;0;0;0;0;0;0;0;0;0;0;0;0;0;0;0;0;0;0;0;0;0;0;0;0;0;0;0;0;0
Ribatejada;38;39;39;41;42;47;0;0;0;0;0;0;0;0;0;0;0;0;0;0;0;0;0;0;0;0;0;0;0;0;0;0;0;0;0;0;0;0;0;0;0;0;0;0;0;0;0;0;0;0;0;0;0;0;0;0;0;0;0;0;0;0;0;0;0;0
Rivas-Vaciamadrid;5485;5688;5964;6170;6381;6646;237;244;238;249;258;250;656;643;653;674;713;732;2089;2103;2158;2187;2202;2275;193;209;201;220;223;241;122;144;167;167;172;174;205;243;264;274;283;294;988;1046;1143;1185;1244;1292;514;552;587;644;673;716;481;504;553;570;613;672;2503;2698;2915;3060;3208;3389
Robledillo de la Jara;0;0;0;0;0;0;0;0;0;0;0;0;0;0;0;0;0;0;0;0;0;0;0;0;0;0;0;0;0;0;0;0;0;0;0;0;0;0;0;0;0;0;0;0;0;0;0;0;0;0;0;0;0;0;0;0;0;0;0;0;0;0;0;0;0;0
Robledo de Chavela;254;263;267;272;299;306;5;7;9;10;10;10;54;50;48;48;60;55;77;86;84;90;93;96;0;0;0;0;0;0;0;0;0;0;0;0;0;0;0;0;0;0;0;0;0;0;0;0;0;0;0;0;0;0;0;0;0;0;0;0;118;120;126;124;136;145
Robregordo;0;0;0;0;0;0;0;0;0;0;0;0;0;0;0;0;0;0;0;0;0;0;0;0;0;0;0;0;0;0;0;0;0;0;0;0;0;0;0;0;0;0;0;0;0;0;0;0;0;0;0;0;0;0;0;0;0;0;0;0;0;0;0;0;0;0
Rozas de Madrid (Las);10808;11088;11384;11435;11162;11208;279;267;303;324;261;251;849;823;799;784;798;788;2524;2482;2512;2494;2481;2446;645;660;711;718;688;678;347;402;416;433;412;417;570;604;649;662;692;677;3416;3593;3659;3616;3592;3604;1446;1492;1560;1615;1436;1499;732;765;775;789;802;848;7156;7516;7770;7833;7622;7723
Rozas de Puerto Real;24;29;26;32;25;31;0;0;0;0;0;0;0;0;0;0;0;0;0;0;0;0;0;0;0;0;0;0;0;0;0;0;0;0;0;0;0;0;0;0;0;0;0;0;0;0;0;0;0;0;0;0;0;0;0;0;0;0;0;0;0;0;0;0;0;0
San Agustín del Guadalix;986;1016;1039;1059;1056;1111;52;51;53;51;48;48;99;93;93;93;106;104;294;302;298;304;300;306;31;26;36;37;39;43;16;25;27;22;21;26;55;60;57;53;53;54;257;271;274;296;293;307;93;99;107;96;89;100;89;89;94;107;107;123;541;570;595;611;602;653
San Fernando de Henares;2658;2657;2694;2761;2748;2792;204;215;211;215;208;207;372;357;366;379;386;401;1259;1243;1239;1246;1235;1230;56;53;62;66;53;59;38;42;47;47;49;54;94;97;98;107;105;102;359;351;345;358;371;383;110;121;135;138;127;126;166;178;191;205;214;230;823;842;878;921;919;954
San Lorenzo de El Escorial;1324;1333;1368;1389;1471;1513;40;38;45;45;49;45;131;136;129;132;132;144;358;334;329;325;331;329;51;51;52;55;68;67;25;26;31;40;39;40;54;54;56;60;58;65;382;391;412;402;443;443;158;167;177;194;199;212;125;136;137;136;152;168;795;825;865;887;959;995
San Martín de la Vega;1167;1145;1162;1155;1223;1217;72;69;76;79;82;83;222;197;197;193;205;197;500;488;499;496;521;538;12;16;19;20;18;22;17;22;21;20;22;24;38;41;39;39;37;36;158;165;160;158;161;147;52;54;61;62;71;66;96;93;90;88;106;104;373;391;390;387;415;399
San Martín de Valdeiglesias;497;498;516;512;541;560;24;22;30;30;30;33;93;92;93;90;95;93;212;209;208;199;206;205;6;4;5;5;7;7;10;11;12;13;12;14;10;12;14;16;18;25;73;73;71;77;86;90;24;30;39;37;35;40;45;45;44;45;52;53;168;175;185;193;210;229
San Sebastián de los Reyes;6870;6966;7108;7302;7263;7433;389;300;405;457;350;361;862;835;806;818;845;840;2235;2246;2235;2277;2253;2242;294;304;292;292;276;297;159;184;190;198;198;204;379;389;393;415;419;418;1545;1627;1667;1691;1732;1780;498;537;562;593;613;669;509;544;558;561;577;622;3384;3585;3662;3750;3815;3990
Santa María de la Alameda;95;90;84;100;107;111;6;5;4;5;5;4;23;26;24;33;42;41;39;35;32;35;35;36;0;0;0;0;0;0;0;0;0;0;0;0;0;0;0;0;0;0;0;0;0;0;0;0;0;0;0;0;0;0;0;0;0;0;0;0;27;24;24;27;27;30
Santorcaz;41;37;38;38;36;37;0;0;0;0;0;0;0;0;0;0;0;0;0;0;0;0;0;0;0;0;0;0;0;0;0;0;0;0;0;0;0;0;0;0;0;0;0;0;0;0;0;0;0;0;0;0;0;0;0;0;0;0;0;0;0;0;0;0;0;0
Santos de la Humosa (Los);120;123;123;137;139;150;4;4;4;4;0;0;14;19;19;18;18;18;65;65;62;64;66;73;0;0;0;0;0;0;0;0;0;0;0;0;0;0;0;0;0;0;0;0;0;0;0;0;0;0;0;0;0;0;0;0;0;0;0;0;37;35;38;51;51;55
Serna del Monte (La);12;10;10;11;10;7;0;0;0;0;0;0;0;0;0;0;0;0;0;0;0;0;0;0;0;0;0;0;0;0;0;0;0;0;0;0;0;0;0;0;0;0;0;0;0;0;0;0;0;0;0;0;0;0;0;0;0;0;0;0;0;0;0;0;0;0
Serranillos del Valle;339;354;365;389;393;414;28;32;32;38;36;36;58;57;58;67;65;70;165;171;179;176;173;179;0;0;0;0;0;0;0;0;0;0;0;0;0;0;0;0;0;0;0;0;0;0;0;0;0;0;0;0;0;0;0;0;0;0;0;0;88;94;96;108;119;129
Sevilla la Nueva;662;711;714;713;737;736;37;37;36;33;37;33;104;104;97;94;96;100;205;222;229;223;227;232;20;23;26;27;28;26;15;19;22;27;27;24;34;37;36;32;38;31;121;134;133;141;133;128;58;65;66;70;79;91;68;70;69;66;72;71;316;348;352;363;377;371
Somosierra;4;4;6;5;5;6;0;0;0;0;0;0;0;0;0;0;0;0;0;0;0;0;0;0;0;0;0;0;0;0;0;0;0;0;0;0;0;0;0;0;0;0;0;0;0;0;0;0;0;0;0;0;0;0;0;0;0;0;0;0;0;0;0;0;0;0
Soto del Real;587;609;616;656;664;675;20;23;23;26;21;22;72;70;72;72;72;72;172;164;163;177;179;177;13;17;18;16;18;20;14;15;13;14;15;12;27;32;30;32;32;35;147;159;161;172;172;176;66;70;73;76;76;76;56;59;63;71;79;85;323;352;358;381;392;404
Talamanca de Jarama;217;215;221;247;249;244;11;8;7;10;12;11;38;39;40;36;40;40;84;83;87;99;89;89;0;0;0;0;0;0;0;0;0;0;0;0;0;0;0;0;0;0;0;0;0;0;0;0;0;0;0;0;0;0;0;0;0;0;0;0;84;85;87;102;108;104
Tielmes;121;115;117;126;122;134;13;13;16;16;18;19;20;16;19;22;20;21;52;55;51;54;53;54;0;0;0;0;0;0;0;0;0;0;0;0;0;0;0;0;0;0;0;0;0;0;0;0;0;0;0;0;0;0;0;0;0;0;0;0;36;31;31;34;31;40
Titulcia;64;66;79;83;80;83;4;4;4;4;4;6;13;16;16;21;19;17;30;32;38;37;37;37;0;0;0;0;0;0;0;0;0;0;0;0;0;0;0;0;0;0;0;0;0;0;0;0;0;0;0;0;0;0;0;0;0;0;0;0;17;17;21;21;20;23
Torrejón de Ardoz;5965;6046;6154;6296;6422;6630;469;448;449;452;434;421;848;853;820;870;947;978;2557;2511;2548;2575;2580;2640;124;122;128;129;143;147;109;102;112;120;116;124;234;242;255;255;281;298;787;866;876;879;903;937;350;377;400;437;432;454;487;525;566;579;586;631;2091;2234;2337;2399;2461;2591
Torrejón de la Calzada;681;699;714;757;750;776;77;71;81;82;74;81;119;124;122;128;132;119;285;280;282;291;292;304;14;11;15;16;15;14;9;9;11;15;14;13;30;29;25;32;32;32;83;97;102;99;97;110;27;36;37;38;41;43;37;42;39;56;53;60;200;224;229;256;252;272
Torrejón de Velasco;303;291;296;294;278;291;26;24;22;28;26;26;50;51;52;50;50;50;127;116;121;120;109;114;0;0;0;0;0;0;0;0;0;0;0;0;0;0;0;0;0;0;0;0;0;0;0;0;0;0;0;0;0;0;0;0;0;0;0;0;100;100;101;96;93;101
Torrelaguna;233;238;249;254;255;257;6;7;6;7;6;6;46;45;48;53;49;51;98;97;98;100;99;102;0;0;0;0;0;0;0;0;0;0;0;0;0;0;0;0;0;0;0;0;0;0;0;0;0;0;0;0;0;0;0;0;0;0;0;0;83;89;97;94;101;98
Torrelodones;2321;2347;2379;2458;2539;2637;46;46;38;41;43;50;160;158;143;139;132;130;487;461;450;471;479;477;114;123;130;125;121;123;66;75;89;95;97;113;114;123;125;130;139;149;823;851;861;880;937;961;331;325;355;385;387;399;180;185;188;192;204;235;1628;1682;1748;1807;1885;1980
Torremocha de Jarama;65;62;62;66;63;70;0;0;0;0;0;6;0;0;0;0;0;7;0;0;0;0;0;19;0;0;0;0;0;0;0;0;0;0;0;0;0;0;0;0;0;0;0;0;0;0;0;0;0;0;0;0;0;0;0;0;0;0;0;0;0;0;0;0;0;38
Torres de la Alameda;578;580;590;580;590;604;84;81;79;82;85;83;86;80;85;91;84;82;255;261;259;240;252;256;6;6;8;9;6;9;8;10;9;10;11;8;16;20;21;19;15;18;64;62;66;62;65;66;20;20;27;29;32;32;39;40;36;38;40;50;153;158;167;167;169;183
Tres Cantos;3326;3373;3408;3486;3470;3596;130;118;124;139;109;112;245;237;229;223;231;244;852;839;838;834;808;845;226;238;233;235;239;240;75;81;83;85;73;82;153;168;177;192;183;191;947;967;944;975;981;1002;442;456;492;519;537;556;256;269;288;284;309;324;2099;2179;2217;2290;2322;2395
Valdaracete;23;25;21;22;20;23;0;0;0;0;0;0;0;0;0;0;0;0;0;0;0;0;0;0;0;0;0;0;0;0;0;0;0;0;0;0;0;0;0;0;0;0;0;0;0;0;0;0;0;0;0;0;0;0;0;0;0;0;0;0;0;0;0;0;0;0
Valdeavero;113;112;114;122;130;130;13;12;14;14;14;14;19;13;14;12;17;19;47;53;49;55;51;53;0;0;0;0;0;0;0;0;0;0;0;0;0;0;0;0;0;0;0;0;0;0;0;0;0;0;0;0;0;0;0;0;0;0;0;0;34;34;37;41;48;44
Valdelaguna;51;49;45;47;53;60;0;0;0;0;0;0;0;0;0;0;0;0;0;0;0;0;0;0;0;0;0;0;0;0;0;0;0;0;0;0;0;0;0;0;0;0;0;0;0;0;0;0;0;0;0;0;0;0;0;0;0;0;0;0;0;0;0;0;0;0
Valdemanco;72;71;74;73;74;68;0;0;0;0;0;0;0;0;0;0;0;0;0;0;0;0;0;0;0;0;0;0;0;0;0;0;0;0;0;0;0;0;0;0;0;0;0;0;0;0;0;0;0;0;0;0;0;0;0;0;0;0;0;0;0;0;0;0;0;0
Valdemaqueda;54;50;54;57;52;53;0;0;0;0;0;0;0;0;0;0;0;0;0;0;0;0;0;0;0;0;0;0;0;0;0;0;0;0;0;0;0;0;0;0;0;0;0;0;0;0;0;0;0;0;0;0;0;0;0;0;0;0;0;0;0;0;0;0;0;0
Valdemorillo;1054;1090;1147;1175;1256;1293;36;33;39;38;41;40;142;148;150;143;149;150;310;306;304;314;328;335;43;48;49;54;56;60;19;24;26;27;33;33;27;35;41;44;50;54;272;292;310;328;360;364;103;104;110;117;128;140;102;100;118;110;111;117;566;603;654;680;738;768
Valdemoro;3956;4000;4096;4179;4261;4371;338;318;320;340;328;320;589;567;540;553;589;600;1595;1570;1630;1606;1604;1635;63;70;73;79;95;104;69;84;85;100;93;101;152;181;187;187;178;174;557;570;603;627;653;675;297;323;335;350;363;368;296;317;323;337;358;394;1434;1545;1606;1680;1740;1816
Valdeolmos-Alalpardo;306;303;314;332;341;317;14;15;16;16;12;10;35;39;36;36;37;37;85;79;87;90;96;91;0;0;0;0;0;0;0;0;0;0;0;0;0;0;0;0;0;0;0;0;0;0;0;0;0;0;0;0;0;0;0;0;0;0;0;0;172;170;175;190;196;179
Valdepiélagos;36;38;41;42;46;41;0;0;0;0;0;0;0;0;0;0;0;0;0;0;0;0;0;0;0;0;0;0;0;0;0;0;0;0;0;0;0;0;0;0;0;0;0;0;0;0;0;0;0;0;0;0;0;0;0;0;0;0;0;0;0;0;0;0;0;0
Valdetorres de Jarama;299;302;314;316;319;333;23;21;21;18;17;19;63;56;60;62;61;63;118;122;113;115;109;122;0;0;0;0;0;0;0;0;0;0;0;0;0;0;0;0;0;0;0;0;0;0;0;0;0;0;0;0;0;0;0;0;0;0;0;0;95;103;120;121;132;129
Valdilecha;137;137;139;141;150;167;9;8;10;12;10;10;31;30;29;32;36;39;68;67;71;70;69;75;0;0;0;0;0;0;0;0;0;0;0;0;0;0;0;0;0;0;0;0;0;0;0;0;0;0;0;0;0;0;0;0;0;0;0;0;29;32;29;27;35;43
Valverde de Alcalá;27;26;25;23;24;26;0;0;0;0;0;0;0;0;0;0;0;0;0;0;0;0;0;0;0;0;0;0;0;0;0;0;0;0;0;0;0;0;0;0;0;0;0;0;0;0;0;0;0;0;0;0;0;0;0;0;0;0;0;0;0;0;0;0;0;0
Velilla de San Antonio;833;837;839;867;869;868;80;74;75;72;67;67;149;147;141;153;151;144;336;329;320;328;321;314;15;13;14;14;15;11;11;14;12;14;13;15;21;23;30;26;25;28;94;100;100;111;116;119;55;56;60;59;63;70;72;81;87;90;98;100;268;287;303;314;330;343
Vellón (El);92;96;113;107;112;127;7;8;8;8;8;6;23;20;22;21;23;26;33;37;46;43;43;50;0;0;0;0;0;0;0;0;0;0;0;0;0;0;0;0;0;0;0;0;0;0;0;0;0;0;0;0;0;0;0;0;0;0;0;0;29;31;37;35;38;45
Venturada;162;165;178;192;221;239;0;4;6;6;7;7;0;17;17;20;20;17;42;41;40;52;57;61;0;0;0;0;0;0;0;0;0;0;0;0;0;0;0;0;0;0;0;0;0;0;0;0;0;0;0;0;0;0;0;0;0;0;0;0;99;103;115;114;137;154
Villa del Prado;291;313;307;327;319;326;13;16;14;12;10;11;58;64;70;77;74;74;132;130;127;123;125;125;0;0;0;0;0;5;6;5;5;7;8;6;6;6;6;6;6;5;36;41;39;41;35;35;14;18;15;25;16;19;29;35;33;35;44;46;88;103;96;115;110;116
Villaconejos;178;166;172;168;160;174;13;15;15;15;12;13;28;24;27;25;24;30;95;90;95;95;93;96;0;0;0;0;0;0;0;0;0;0;0;0;0;0;0;0;0;0;0;0;0;0;0;0;0;0;0;0;0;0;0;0;0;0;0;0;42;37;35;33;31;35
Villalbilla;901;923;944;961;1014;1048;60;57;65;66;64;60;124;115;111;115;117;114;334;329;318;308;324;327;11;13;19;19;24;33;33;32;33;35;35;35;44;50;52;54;49;60;163;168;171;174;197;200;75;86;94;100;106;118;57;73;81;90;98;101;383;422;450;472;509;547
Villamanrique de Tajo;37;35;36;35;26;29;0;0;0;0;0;0;0;0;0;0;0;0;0;0;0;0;0;0;0;0;0;0;0;0;0;0;0;0;0;0;0;0;0;0;0;0;0;0;0;0;0;0;0;0;0;0;0;0;0;0;0;0;0;0;0;0;0;0;0;0
Villamanta;149;153;145;143;153;178;7;9;10;11;9;10;37;39;34;31;42;47;59;53;54;53;51;58;0;0;0;0;0;0;0;0;0;0;0;0;0;0;0;0;0;0;0;0;0;0;0;0;0;0;0;0;0;0;0;0;0;0;0;0;46;52;47;48;51;63
Villamantilla;75;82;91;101;107;110;7;7;6;7;7;5;15;15;19;22;25;26;19;25;31;27;29;28;0;0;0;0;0;0;0;0;0;0;0;0;0;0;0;0;0;0;0;0;0;0;0;0;0;0;0;0;0;0;0;0;0;0;0;0;34;35;35;45;46;51
Villanueva de la Cañada;1909;1968;2101;2185;2267;2273;77;82;78;74;45;41;161;164;169;163;170;176;499;489;508;511;525;500;62;70;79;84;90;86;51;55;65;72;67;70;95;104;122;133;129;131;563;583;621;644;689;699;247;262;297;329;359;372;154;159;162;175;193;198;1172;1233;1346;1437;1527;1556
Villanueva de Perales;111;113;125;120;123;127;6;5;5;5;5;4;16;12;14;17;19;22;56;54;60;52;52;53;0;0;0;0;0;0;0;0;0;0;0;0;0;0;0;0;0;0;0;0;0;0;0;0;0;0;0;0;0;0;0;0;0;0;0;0;33;42;46;46;47;48
Villanueva del Pardillo;1244;1311;1325;1348;1429;1419;28;27;26;28;34;35;157;159;154;156;162;159;347;355;338;337;361;353;51;59;63;53;61;60;28;30;33;44;45;49;35;37;44;52;61;62;324;352;370;370;397;384;171;186;182;189;181;189;103;106;115;119;127;128;712;770;807;827;872;872
Villar del Olmo;147;164;164;170;176;193;8;10;10;11;11;10;24;26;22;24;23;22;58;60;57;56;55;66;0;0;0;0;0;0;0;0;0;0;0;0;0;0;0;0;0;0;0;0;0;0;0;0;0;0;0;0;0;0;0;0;0;0;0;0;57;68;75;79;87;95
Villarejo de Salvanés;390;386;400;414;389;403;34;38;40;45;43;42;61;60;73;74;76;84;168;167;164;164;153;160;6;6;4;4;6;5;6;6;6;6;5;5;18;16;14;17;13;15;36;35;35;43;38;36;16;15;17;20;17;18;45;47;47;41;38;38;127;121;123;131;117;117
Villaviciosa de Odón;3252;3333;3369;3348;3382;3369;115;112;130;106;111;115;463;463;449;442;426;404;1008;986;978;954;952;931;87;93;94;94;107;110;55;67;66;71;76;77;234;245;258;277;279;284;733;757;753;785;818;794;321;346;384;371;362;377;236;264;257;248;251;277;1666;1772;1812;1846;1893;1919
Villavieja del Lozoya;15;17;17;15;17;20;0;0;0;0;0;0;0;0;0;0;0;0;0;0;0;0;0;0;0;0;0;0;0;0;0;0;0;0;0;0;0;0;0;0;0;0;0;0;0;0;0;0;0;0;0;0;0;0;0;0;0;0;0;0;0;0;0;0;0;0
Zarzalejo;104;110;110;115;122;129;9;9;9;9;11;10;32;31;29;30;31;33;34;36;33;31;27;29;0;0;0;0;0;0;0;0;0;0;0;0;0;0;0;0;0;0;0;0;0;0;0;0;0;0;0;0;0;0;0;0;0;0;0;0;29;34;39;45;53;57
